Date and Time (UTC),Receiver,Transmitter,Transmitter Name,Transmitter Serial,Sensor Value,Sensor Unit,Station Name,Latitude,Longitude
2009-03-10 22:59:38,VR2W-101137,A69-1206-367,,,,,Jimmy Hall Tour Mooring,+21.641667,-158.12233
2009-03-14 22:14:27,VR2W-101137,A69-1206-367,,,,,Jimmy Hall Tour Mooring,+21.641667,-158.12233
2009-03-14 22:16:49,VR2W-101137,A69-1206-367,,,,,Jimmy Hall Tour Mooring,+21.641667,-158.12233
2009-03-14 22:17:57,VR2W-101137,A69-1206-367,,,,,Jimmy Hall Tour Mooring,+21.641667,-158.12233
2009-03-14 22:19:02,VR2W-101137,A69-1206-367,,,,,Jimmy Hall Tour Mooring,+21.641667,-158.12233
2009-03-14 22:20:00,VR2W-101137,A69-1206-367,,,,,Jimmy Hall Tour Mooring,+21.641667,-158.12233
2009-03-14 22:21:46,VR2W-101137,A69-1206-367,,,,,Jimmy Hall Tour Mooring,+21.641667,-158.12233
2009-03-14 22:22:40,VR2W-101137,A69-1206-367,,,,,Jimmy Hall Tour Mooring,+21.641667,-158.12233
2009-03-14 22:23:15,VR2W-101137,A69-1206-367,,,,,Jimmy Hall Tour Mooring,+21.641667,-158.12233
2009-03-14 22:24:54,VR2W-101137,A69-1206-367,,,,,Jimmy Hall Tour Mooring,+21.641667,-158.12233
2009-03-15 01:42:22,VR2W-101137,A69-1206-367,,,,,Jimmy Hall Tour Mooring,+21.641667,-158.12233
2009-03-15 01:44:32,VR2W-101137,A69-1206-367,,,,,Jimmy Hall Tour Mooring,+21.641667,-158.12233
2009-03-15 01:45:26,VR2W-101137,A69-1206-367,,,,,Jimmy Hall Tour Mooring,+21.641667,-158.12233
2009-03-15 01:46:01,VR2W-101137,A69-1206-367,,,,,Jimmy Hall Tour Mooring,+21.641667,-158.12233
2009-03-15 01:46:49,VR2W-101137,A69-1206-367,,,,,Jimmy Hall Tour Mooring,+21.641667,-158.12233
2009-03-15 01:47:14,VR2W-101137,A69-1206-367,,,,,Jimmy Hall Tour Mooring,+21.641667,-158.12233
2009-03-15 01:47:39,VR2W-101137,A69-1206-367,,,,,Jimmy Hall Tour Mooring,+21.641667,-158.12233
2009-03-15 01:48:06,VR2W-101137,A69-1206-367,,,,,Jimmy Hall Tour Mooring,+21.641667,-158.12233
2009-03-15 01:48:37,VR2W-101137,A69-1206-367,,,,,Jimmy Hall Tour Mooring,+21.641667,-158.12233
2009-03-15 01:49:17,VR2W-101137,A69-1206-367,,,,,Jimmy Hall Tour Mooring,+21.641667,-158.12233
2009-03-15 01:50:13,VR2W-101137,A69-1206-367,,,,,Jimmy Hall Tour Mooring,+21.641667,-158.12233
2009-03-15 01:50:54,VR2W-101137,A69-1206-367,,,,,Jimmy Hall Tour Mooring,+21.641667,-158.12233
2009-03-15 01:51:54,VR2W-101137,A69-1206-367,,,,,Jimmy Hall Tour Mooring,+21.641667,-158.12233
2009-03-15 01:52:40,VR2W-101137,A69-1206-367,,,,,Jimmy Hall Tour Mooring,+21.641667,-158.12233
2009-03-15 01:53:49,VR2W-101137,A69-1206-367,,,,,Jimmy Hall Tour Mooring,+21.641667,-158.12233
2009-03-15 01:54:55,VR2W-101137,A69-1206-367,,,,,Jimmy Hall Tour Mooring,+21.641667,-158.12233
2009-03-15 01:55:56,VR2W-101137,A69-1206-367,,,,,Jimmy Hall Tour Mooring,+21.641667,-158.12233
2009-03-15 01:57:13,VR2W-101137,A69-1206-367,,,,,Jimmy Hall Tour Mooring,+21.641667,-158.12233
2009-03-15 01:57:44,VR2W-101137,A69-1206-367,,,,,Jimmy Hall Tour Mooring,+21.641667,-158.12233
2009-03-15 01:58:24,VR2W-101137,A69-1206-367,,,,,Jimmy Hall Tour Mooring,+21.641667,-158.12233
2009-03-15 01:59:21,VR2W-101137,A69-1206-367,,,,,Jimmy Hall Tour Mooring,+21.641667,-158.12233
2009-03-15 02:00:02,VR2W-101137,A69-1206-367,,,,,Jimmy Hall Tour Mooring,+21.641667,-158.12233
2009-03-15 02:01:46,VR2W-101137,A69-1206-367,,,,,Jimmy Hall Tour Mooring,+21.641667,-158.12233
2009-03-15 02:02:54,VR2W-101137,A69-1206-367,,,,,Jimmy Hall Tour Mooring,+21.641667,-158.12233
2009-03-15 02:03:58,VR2W-101137,A69-1206-367,,,,,Jimmy Hall Tour Mooring,+21.641667,-158.12233
2009-03-15 02:04:53,VR2W-101137,A69-1206-367,,,,,Jimmy Hall Tour Mooring,+21.641667,-158.12233
2009-03-15 02:05:32,VR2W-101137,A69-1206-367,,,,,Jimmy Hall Tour Mooring,+21.641667,-158.12233
2009-03-15 02:06:27,VR2W-101137,A69-1206-367,,,,,Jimmy Hall Tour Mooring,+21.641667,-158.12233
2009-03-15 02:07:05,VR2W-101137,A69-1206-367,,,,,Jimmy Hall Tour Mooring,+21.641667,-158.12233
2009-03-15 02:07:58,VR2W-101137,A69-1206-367,,,,,Jimmy Hall Tour Mooring,+21.641667,-158.12233
2009-03-15 02:10:21,VR2W-101137,A69-1206-367,,,,,Jimmy Hall Tour Mooring,+21.641667,-158.12233
2009-03-15 02:12:05,VR2W-101137,A69-1206-367,,,,,Jimmy Hall Tour Mooring,+21.641667,-158.12233
2009-03-15 02:15:46,VR2W-101137,A69-1206-367,,,,,Jimmy Hall Tour Mooring,+21.641667,-158.12233
2009-03-15 02:16:34,VR2W-101137,A69-1206-367,,,,,Jimmy Hall Tour Mooring,+21.641667,-158.12233
2009-03-15 02:16:59,VR2W-101137,A69-1206-367,,,,,Jimmy Hall Tour Mooring,+21.641667,-158.12233
2009-03-15 02:17:27,VR2W-101137,A69-1206-367,,,,,Jimmy Hall Tour Mooring,+21.641667,-158.12233
2009-03-15 02:17:58,VR2W-101137,A69-1206-367,,,,,Jimmy Hall Tour Mooring,+21.641667,-158.12233
2009-03-15 02:20:19,VR2W-101137,A69-1206-367,,,,,Jimmy Hall Tour Mooring,+21.641667,-158.12233
2009-03-15 02:32:24,VR2W-101137,A69-1206-367,,,,,Jimmy Hall Tour Mooring,+21.641667,-158.12233
2009-03-15 02:33:14,VR2W-101137,A69-1206-367,,,,,Jimmy Hall Tour Mooring,+21.641667,-158.12233
2009-03-15 02:40:31,VR2W-101137,A69-1206-367,,,,,Jimmy Hall Tour Mooring,+21.641667,-158.12233
2009-03-15 06:17:20,VR2W-101137,A69-1206-367,,,,,Jimmy Hall Tour Mooring,+21.641667,-158.12233
2009-03-16 01:06:40,VR2W-101137,A69-1206-367,,,,,Jimmy Hall Tour Mooring,+21.641667,-158.12233
2009-03-16 01:07:41,VR2W-101137,A69-1206-367,,,,,Jimmy Hall Tour Mooring,+21.641667,-158.12233
2009-03-16 01:08:31,VR2W-101137,A69-1206-367,,,,,Jimmy Hall Tour Mooring,+21.641667,-158.12233
2009-03-16 01:18:11,VR2W-101137,A69-1206-367,,,,,Jimmy Hall Tour Mooring,+21.641667,-158.12233
2009-03-16 01:18:49,VR2W-101137,A69-1206-367,,,,,Jimmy Hall Tour Mooring,+21.641667,-158.12233
2009-03-16 03:50:11,VR2W-101137,A69-1206-367,,,,,Jimmy Hall Tour Mooring,+21.641667,-158.12233
2009-03-16 03:53:38,VR2W-101137,A69-1206-367,,,,,Jimmy Hall Tour Mooring,+21.641667,-158.12233
2009-03-16 03:54:03,VR2W-101137,A69-1206-367,,,,,Jimmy Hall Tour Mooring,+21.641667,-158.12233
2009-03-16 03:55:00,VR2W-101137,A69-1206-367,,,,,Jimmy Hall Tour Mooring,+21.641667,-158.12233
2009-03-16 03:55:37,VR2W-101137,A69-1206-367,,,,,Jimmy Hall Tour Mooring,+21.641667,-158.12233
2009-03-16 03:56:29,VR2W-101137,A69-1206-367,,,,,Jimmy Hall Tour Mooring,+21.641667,-158.12233
2009-03-16 03:57:39,VR2W-101137,A69-1206-367,,,,,Jimmy Hall Tour Mooring,+21.641667,-158.12233
2009-03-16 03:58:34,VR2W-101137,A69-1206-367,,,,,Jimmy Hall Tour Mooring,+21.641667,-158.12233
2009-03-16 05:05:45,VR2W-101137,A69-1206-367,,,,,Jimmy Hall Tour Mooring,+21.641667,-158.12233
2009-03-16 05:12:16,VR2W-101137,A69-1206-367,,,,,Jimmy Hall Tour Mooring,+21.641667,-158.12233
2009-03-16 05:13:19,VR2W-101137,A69-1206-367,,,,,Jimmy Hall Tour Mooring,+21.641667,-158.12233
2009-03-16 05:14:48,VR2W-101137,A69-1206-367,,,,,Jimmy Hall Tour Mooring,+21.641667,-158.12233
2009-03-16 05:15:36,VR2W-101137,A69-1206-367,,,,,Jimmy Hall Tour Mooring,+21.641667,-158.12233
2009-03-16 05:16:01,VR2W-101137,A69-1206-367,,,,,Jimmy Hall Tour Mooring,+21.641667,-158.12233
2009-03-16 05:16:27,VR2W-101137,A69-1206-367,,,,,Jimmy Hall Tour Mooring,+21.641667,-158.12233
2009-03-16 05:16:56,VR2W-101137,A69-1206-367,,,,,Jimmy Hall Tour Mooring,+21.641667,-158.12233
2009-03-16 05:17:31,VR2W-101137,A69-1206-367,,,,,Jimmy Hall Tour Mooring,+21.641667,-158.12233
2009-03-16 05:18:18,VR2W-101137,A69-1206-367,,,,,Jimmy Hall Tour Mooring,+21.641667,-158.12233
2009-03-16 05:19:30,VR2W-101137,A69-1206-367,,,,,Jimmy Hall Tour Mooring,+21.641667,-158.12233
2009-03-16 05:20:40,VR2W-101137,A69-1206-367,,,,,Jimmy Hall Tour Mooring,+21.641667,-158.12233
2009-03-16 05:21:50,VR2W-101137,A69-1206-367,,,,,Jimmy Hall Tour Mooring,+21.641667,-158.12233
2009-03-16 05:22:56,VR2W-101137,A69-1206-367,,,,,Jimmy Hall Tour Mooring,+21.641667,-158.12233
2009-03-16 05:23:56,VR2W-101137,A69-1206-367,,,,,Jimmy Hall Tour Mooring,+21.641667,-158.12233
2009-03-16 05:24:45,VR2W-101137,A69-1206-367,,,,,Jimmy Hall Tour Mooring,+21.641667,-158.12233
2009-03-16 05:25:09,VR2W-101137,A69-1206-367,,,,,Jimmy Hall Tour Mooring,+21.641667,-158.12233
2009-03-16 05:25:36,VR2W-101137,A69-1206-367,,,,,Jimmy Hall Tour Mooring,+21.641667,-158.12233
2009-03-16 05:28:04,VR2W-101137,A69-1206-367,,,,,Jimmy Hall Tour Mooring,+21.641667,-158.12233
2009-03-16 05:28:41,VR2W-101137,A69-1206-367,,,,,Jimmy Hall Tour Mooring,+21.641667,-158.12233
2009-03-16 05:29:33,VR2W-101137,A69-1206-367,,,,,Jimmy Hall Tour Mooring,+21.641667,-158.12233
2009-03-16 05:30:04,VR2W-101137,A69-1206-367,,,,,Jimmy Hall Tour Mooring,+21.641667,-158.12233
2009-03-16 05:30:44,VR2W-101137,A69-1206-367,,,,,Jimmy Hall Tour Mooring,+21.641667,-158.12233
2010-12-22 20:15:06,VR2-8148,A69-1303-54784,,,,,FAD U,+21.58167,-157.69167
2010-12-22 20:16:24,VR2-8148,A69-1303-54784,,,,,FAD U,+21.58167,-157.69167
2010-12-22 20:17:27,VR2-8148,A69-1303-54784,,,,,FAD U,+21.58167,-157.69167
2010-12-22 20:19:00,VR2-8148,A69-1303-54784,,,,,FAD U,+21.58167,-157.69167
2010-12-22 20:20:30,VR2-8148,A69-1303-54784,,,,,FAD U,+21.58167,-157.69167
2010-12-22 20:21:58,VR2-8148,A69-1303-54784,,,,,FAD U,+21.58167,-157.69167
2010-12-22 20:23:19,VR2-8148,A69-1303-54784,,,,,FAD U,+21.58167,-157.69167
2010-12-22 20:24:28,VR2-8148,A69-1303-54784,,,,,FAD U,+21.58167,-157.69167
2010-12-22 20:25:12,VR2-8148,A69-1303-54784,,,,,FAD U,+21.58167,-157.69167
2010-12-22 20:28:08,VR2-8148,A69-1303-54784,,,,,FAD U,+21.58167,-157.69167
2010-12-22 20:29:16,VR2-8148,A69-1303-54784,,,,,FAD U,+21.58167,-157.69167
2010-12-22 20:29:58,VR2-8148,A69-1303-54784,,,,,FAD U,+21.58167,-157.69167
2010-12-22 21:41:58,VR2-8148,A69-1303-54784,,,,,FAD U,+21.58167,-157.69167
2010-12-22 21:42:49,VR2-8148,A69-1303-54784,,,,,FAD U,+21.58167,-157.69167
2010-12-22 21:44:43,VR2-8148,A69-1303-54784,,,,,FAD U,+21.58167,-157.69167
2010-12-22 21:50:59,VR2-8148,A69-1303-54784,,,,,FAD U,+21.58167,-157.69167
2010-12-22 21:51:46,VR2-8148,A69-1303-54784,,,,,FAD U,+21.58167,-157.69167
2010-12-22 21:54:13,VR2-8148,A69-1303-54784,,,,,FAD U,+21.58167,-157.69167
2010-12-22 21:56:39,VR2-8148,A69-1303-54784,,,,,FAD U,+21.58167,-157.69167
2010-12-22 21:57:17,VR2-8148,A69-1303-54784,,,,,FAD U,+21.58167,-157.69167
2010-12-22 21:57:58,VR2-8148,A69-1303-54784,,,,,FAD U,+21.58167,-157.69167
2010-12-22 22:00:28,VR2-8148,A69-1303-54784,,,,,FAD U,+21.58167,-157.69167
2010-12-22 22:01:46,VR2-8148,A69-1303-54784,,,,,FAD U,+21.58167,-157.69167
2010-12-22 22:03:36,VR2-8148,A69-1303-54784,,,,,FAD U,+21.58167,-157.69167
2010-12-22 22:05:05,VR2-8148,A69-1303-54784,,,,,FAD U,+21.58167,-157.69167
2010-12-23 21:52:29,VR2-8148,A69-1303-54784,,,,,FAD U,+21.58167,-157.69167
2010-12-23 21:53:27,VR2-8148,A69-1303-54784,,,,,FAD U,+21.58167,-157.69167
2010-12-23 21:58:17,VR2-8148,A69-1303-54784,,,,,FAD U,+21.58167,-157.69167
2010-12-23 21:59:39,VR2-8148,A69-1303-54784,,,,,FAD U,+21.58167,-157.69167
2010-12-23 22:01:35,VR2-8148,A69-1303-54784,,,,,FAD U,+21.58167,-157.69167
2010-12-23 22:03:54,VR2-8148,A69-1303-54784,,,,,FAD U,+21.58167,-157.69167
2010-12-23 22:05:02,VR2-8148,A69-1303-54784,,,,,FAD U,+21.58167,-157.69167
2010-12-23 22:34:05,VR2-8148,A69-1303-54784,,,,,FAD U,+21.58167,-157.69167
2010-12-23 22:59:28,VR2-8148,A69-1303-54784,,,,,FAD U,+21.58167,-157.69167
2010-12-23 23:00:16,VR2-8148,A69-1303-54784,,,,,FAD U,+21.58167,-157.69167
2010-12-23 23:04:02,VR2-8148,A69-1303-54784,,,,,FAD U,+21.58167,-157.69167
2010-12-23 23:05:07,VR2-8148,A69-1303-54784,,,,,FAD U,+21.58167,-157.69167
2010-12-23 23:27:44,VR2-8148,A69-1303-54784,,,,,FAD U,+21.58167,-157.69167
2010-12-27 21:01:20,VR2-8148,A69-1303-54784,,,,,FAD U,+21.58167,-157.69167
2010-12-27 21:07:15,VR2-8148,A69-1303-54784,,,,,FAD U,+21.58167,-157.69167
2010-12-29 02:31:10,VR2-8148,A69-1303-54784,,,,,FAD U,+21.58167,-157.69167
2010-12-29 02:37:38,VR2-8148,A69-1303-54784,,,,,FAD U,+21.58167,-157.69167
2010-12-29 02:38:35,VR2-8148,A69-1303-54784,,,,,FAD U,+21.58167,-157.69167
2010-12-29 02:39:54,VR2-8148,A69-1303-54784,,,,,FAD U,+21.58167,-157.69167
2010-12-29 02:41:35,VR2-8148,A69-1303-54784,,,,,FAD U,+21.58167,-157.69167
2010-12-29 02:42:14,VR2-8148,A69-1303-54784,,,,,FAD U,+21.58167,-157.69167
2010-12-29 02:42:57,VR2-8148,A69-1303-54784,,,,,FAD U,+21.58167,-157.69167
2010-12-29 02:43:49,VR2-8148,A69-1303-54784,,,,,FAD U,+21.58167,-157.69167
2010-12-29 02:44:58,VR2-8148,A69-1303-54784,,,,,FAD U,+21.58167,-157.69167
2010-12-29 02:45:44,VR2-8148,A69-1303-54784,,,,,FAD U,+21.58167,-157.69167
2010-12-29 02:46:41,VR2-8148,A69-1303-54784,,,,,FAD U,+21.58167,-157.69167
2010-12-29 02:48:01,VR2-8148,A69-1303-54784,,,,,FAD U,+21.58167,-157.69167
2010-12-29 02:49:49,VR2-8148,A69-1303-54784,,,,,FAD U,+21.58167,-157.69167
2010-12-29 02:50:35,VR2-8148,A69-1303-54784,,,,,FAD U,+21.58167,-157.69167
2010-12-29 02:51:35,VR2-8148,A69-1303-54784,,,,,FAD U,+21.58167,-157.69167
2010-12-29 02:57:40,VR2-8148,A69-1303-54784,,,,,FAD U,+21.58167,-157.69167
2010-12-29 02:58:21,VR2-8148,A69-1303-54784,,,,,FAD U,+21.58167,-157.69167
2010-12-29 02:59:08,VR2-8148,A69-1303-54784,,,,,FAD U,+21.58167,-157.69167
2010-12-29 03:01:35,VR2-8148,A69-1303-54784,,,,,FAD U,+21.58167,-157.69167
2010-12-29 03:02:55,VR2-8148,A69-1303-54784,,,,,FAD U,+21.58167,-157.69167
2010-12-29 21:19:55,VR2-8148,A69-1303-54784,,,,,FAD U,+21.58167,-157.69167
2010-12-29 21:24:51,VR2-8148,A69-1303-54784,,,,,FAD U,+21.58167,-157.69167
2010-12-29 21:25:58,VR2-8148,A69-1303-54784,,,,,FAD U,+21.58167,-157.69167
2010-12-29 21:26:39,VR2-8148,A69-1303-54784,,,,,FAD U,+21.58167,-157.69167
2010-12-29 21:27:27,VR2-8148,A69-1303-54784,,,,,FAD U,+21.58167,-157.69167
2010-12-29 21:28:30,VR2-8148,A69-1303-54784,,,,,FAD U,+21.58167,-157.69167
2010-12-29 21:30:00,VR2-8148,A69-1303-54784,,,,,FAD U,+21.58167,-157.69167
2010-12-29 21:31:29,VR2-8148,A69-1303-54784,,,,,FAD U,+21.58167,-157.69167
2010-12-29 21:32:51,VR2-8148,A69-1303-54784,,,,,FAD U,+21.58167,-157.69167
2010-12-29 21:34:02,VR2-8148,A69-1303-54784,,,,,FAD U,+21.58167,-157.69167
2010-12-29 21:34:50,VR2-8148,A69-1303-54784,,,,,FAD U,+21.58167,-157.69167
2010-12-29 21:35:53,VR2-8148,A69-1303-54784,,,,,FAD U,+21.58167,-157.69167
2010-12-29 21:37:24,VR2-8148,A69-1303-54784,,,,,FAD U,+21.58167,-157.69167
2010-12-29 21:38:53,VR2-8148,A69-1303-54784,,,,,FAD U,+21.58167,-157.69167
2010-12-29 21:40:16,VR2-8148,A69-1303-54784,,,,,FAD U,+21.58167,-157.69167
2010-12-29 21:42:22,VR2-8148,A69-1303-54784,,,,,FAD U,+21.58167,-157.69167
2010-12-29 21:44:20,VR2-8148,A69-1303-54784,,,,,FAD U,+21.58167,-157.69167
2010-12-30 03:12:24,VR2-8148,A69-1303-54784,,,,,FAD U,+21.58167,-157.69167
2010-12-30 03:13:08,VR2-8148,A69-1303-54784,,,,,FAD U,+21.58167,-157.69167
2010-12-30 03:16:05,VR2-8148,A69-1303-54784,,,,,FAD U,+21.58167,-157.69167
2010-12-30 03:22:07,VR2-8148,A69-1303-54784,,,,,FAD U,+21.58167,-157.69167
2010-12-30 03:25:26,VR2-8148,A69-1303-54784,,,,,FAD U,+21.58167,-157.69167
2011-01-01 00:40:05,VR2-8148,A69-1303-54784,,,,,FAD U,+21.58167,-157.69167
2011-01-01 00:41:36,VR2-8148,A69-1303-54784,,,,,FAD U,+21.58167,-157.69167
2011-01-01 00:44:26,VR2-8148,A69-1303-54784,,,,,FAD U,+21.58167,-157.69167
2011-01-01 00:45:38,VR2-8148,A69-1303-54784,,,,,FAD U,+21.58167,-157.69167
2011-01-01 00:46:26,VR2-8148,A69-1303-54784,,,,,FAD U,+21.58167,-157.69167
2011-01-01 00:47:29,VR2-8148,A69-1303-54784,,,,,FAD U,+21.58167,-157.69167
2011-01-01 00:49:01,VR2-8148,A69-1303-54784,,,,,FAD U,+21.58167,-157.69167
2011-01-01 00:50:32,VR2-8148,A69-1303-54784,,,,,FAD U,+21.58167,-157.69167
2011-01-01 00:52:00,VR2-8148,A69-1303-54784,,,,,FAD U,+21.58167,-157.69167
2011-01-01 00:54:34,VR2-8148,A69-1303-54784,,,,,FAD U,+21.58167,-157.69167
2011-01-12 00:19:55,VR2-8148,A69-1303-54784,,,,,FAD U,+21.58167,-157.69167
2011-01-12 00:24:28,VR2-8148,A69-1303-54784,,,,,FAD U,+21.58167,-157.69167
2011-01-12 00:25:23,VR2-8148,A69-1303-54784,,,,,FAD U,+21.58167,-157.69167
2011-01-12 00:27:37,VR2-8148,A69-1303-54784,,,,,FAD U,+21.58167,-157.69167
2011-01-12 00:30:14,VR2-8148,A69-1303-54784,,,,,FAD U,+21.58167,-157.69167
2011-01-12 00:52:38,VR2-8148,A69-1303-54784,,,,,FAD U,+21.58167,-157.69167
2011-01-12 02:16:59,VR2-8148,A69-1303-54784,,,,,FAD U,+21.58167,-157.69167
2011-01-12 02:19:39,VR2-8148,A69-1303-54784,,,,,FAD U,+21.58167,-157.69167
2011-01-12 02:21:33,VR2-8148,A69-1303-54784,,,,,FAD U,+21.58167,-157.69167
2011-01-12 02:22:09,VR2-8148,A69-1303-54784,,,,,FAD U,+21.58167,-157.69167
2011-01-12 02:22:47,VR2-8148,A69-1303-54784,,,,,FAD U,+21.58167,-157.69167
2011-01-12 02:23:29,VR2-8148,A69-1303-54784,,,,,FAD U,+21.58167,-157.69167
2011-01-12 02:24:18,VR2-8148,A69-1303-54784,,,,,FAD U,+21.58167,-157.69167
2011-01-12 02:25:23,VR2-8148,A69-1303-54784,,,,,FAD U,+21.58167,-157.69167
2011-01-12 02:25:58,VR2-8148,A69-1303-54784,,,,,FAD U,+21.58167,-157.69167
2011-01-12 02:26:35,VR2-8148,A69-1303-54784,,,,,FAD U,+21.58167,-157.69167
2011-01-12 02:27:14,VR2-8148,A69-1303-54784,,,,,FAD U,+21.58167,-157.69167
2011-01-12 02:28:00,VR2-8148,A69-1303-54784,,,,,FAD U,+21.58167,-157.69167
2011-01-12 02:28:56,VR2-8148,A69-1303-54784,,,,,FAD U,+21.58167,-157.69167
2011-01-12 02:30:16,VR2-8148,A69-1303-54784,,,,,FAD U,+21.58167,-157.69167
2011-01-12 02:31:20,VR2-8148,A69-1303-54784,,,,,FAD U,+21.58167,-157.69167
2011-01-12 02:31:55,VR2-8148,A69-1303-54784,,,,,FAD U,+21.58167,-157.69167
2011-01-12 02:33:11,VR2-8148,A69-1303-54784,,,,,FAD U,+21.58167,-157.69167
2011-01-12 02:34:52,VR2-8148,A69-1303-54784,,,,,FAD U,+21.58167,-157.69167
2011-01-21 20:46:36,VR2-8148,A69-1303-54784,,,,,FAD U,+21.58167,-157.69167
2011-01-21 20:50:51,VR2-8148,A69-1303-54784,,,,,FAD U,+21.58167,-157.69167
2011-01-21 20:53:46,VR2-8148,A69-1303-54784,,,,,FAD U,+21.58167,-157.69167
2011-01-21 20:59:20,VR2-8148,A69-1303-54784,,,,,FAD U,+21.58167,-157.69167
2011-01-21 21:02:25,VR2-8148,A69-1303-54784,,,,,FAD U,+21.58167,-157.69167
2011-01-21 21:03:42,VR2-8148,A69-1303-54784,,,,,FAD U,+21.58167,-157.69167
2011-01-21 21:04:43,VR2-8148,A69-1303-54784,,,,,FAD U,+21.58167,-157.69167
2011-01-21 21:08:45,VR2-8148,A69-1303-54784,,,,,FAD U,+21.58167,-157.69167
2011-01-21 21:10:38,VR2-8148,A69-1303-54784,,,,,FAD U,+21.58167,-157.69167
2011-01-21 21:29:36,VR2-8148,A69-1303-54784,,,,,FAD U,+21.58167,-157.69167
2011-01-21 21:30:13,VR2-8148,A69-1303-54784,,,,,FAD U,+21.58167,-157.69167
2011-01-31 03:32:21,VR2-8148,A69-1303-54784,,,,,FAD U,+21.58167,-157.69167
2011-01-31 03:36:51,VR2-8148,A69-1303-54784,,,,,FAD U,+21.58167,-157.69167
2011-01-31 03:38:20,VR2-8148,A69-1303-54784,,,,,FAD U,+21.58167,-157.69167
2011-02-14 01:51:52,VR2-8148,A69-1303-54784,,,,,FAD U,+21.58167,-157.69167
2011-02-14 01:53:41,VR2-8148,A69-1303-54784,,,,,FAD U,+21.58167,-157.69167
2011-02-14 01:55:10,VR2-8148,A69-1303-54784,,,,,FAD U,+21.58167,-157.69167
2011-02-14 01:58:33,VR2-8148,A69-1303-54784,,,,,FAD U,+21.58167,-157.69167
2011-02-14 02:01:56,VR2-8148,A69-1303-54784,,,,,FAD U,+21.58167,-157.69167
2011-02-14 02:20:59,VR2-8148,A69-1303-54784,,,,,FAD U,+21.58167,-157.69167
2011-02-14 02:24:16,VR2-8148,A69-1303-54784,,,,,FAD U,+21.58167,-157.69167
2011-02-14 02:25:39,VR2-8148,A69-1303-54784,,,,,FAD U,+21.58167,-157.69167
2011-02-14 02:26:52,VR2-8148,A69-1303-54784,,,,,FAD U,+21.58167,-157.69167
2011-02-14 02:27:44,VR2-8148,A69-1303-54784,,,,,FAD U,+21.58167,-157.69167
2011-02-14 02:29:38,VR2-8148,A69-1303-54784,,,,,FAD U,+21.58167,-157.69167
2011-02-14 02:30:34,VR2-8148,A69-1303-54784,,,,,FAD U,+21.58167,-157.69167
2011-02-14 02:56:10,VR2-8148,A69-1303-54784,,,,,FAD U,+21.58167,-157.69167
2011-02-14 03:00:22,VR2-8148,A69-1303-54784,,,,,FAD U,+21.58167,-157.69167
2011-02-20 00:55:06,VR2-8148,A69-1303-54784,,,,,FAD U,+21.58167,-157.69167
2011-02-20 00:56:12,VR2-8148,A69-1303-54784,,,,,FAD U,+21.58167,-157.69167
2011-02-20 00:56:48,VR2-8148,A69-1303-54784,,,,,FAD U,+21.58167,-157.69167
2011-02-20 01:00:28,VR2-8148,A69-1303-54784,,,,,FAD U,+21.58167,-157.69167
2011-02-20 01:06:12,VR2-8148,A69-1303-54784,,,,,FAD U,+21.58167,-157.69167
2011-02-20 01:07:45,VR2-8148,A69-1303-54784,,,,,FAD U,+21.58167,-157.69167
2011-02-20 01:09:18,VR2-8148,A69-1303-54784,,,,,FAD U,+21.58167,-157.69167
2011-02-20 01:10:49,VR2-8148,A69-1303-54784,,,,,FAD U,+21.58167,-157.69167
2011-02-20 01:12:18,VR2-8148,A69-1303-54784,,,,,FAD U,+21.58167,-157.69167
2011-02-20 01:13:42,VR2-8148,A69-1303-54784,,,,,FAD U,+21.58167,-157.69167
2011-02-20 01:14:56,VR2-8148,A69-1303-54784,,,,,FAD U,+21.58167,-157.69167
2011-02-20 01:15:49,VR2-8148,A69-1303-54784,,,,,FAD U,+21.58167,-157.69167
2011-02-20 01:17:03,VR2-8148,A69-1303-54784,,,,,FAD U,+21.58167,-157.69167
2011-02-20 01:17:56,VR2-8148,A69-1303-54784,,,,,FAD U,+21.58167,-157.69167
2011-02-20 01:19:09,VR2-8148,A69-1303-54784,,,,,FAD U,+21.58167,-157.69167
2011-02-20 01:20:01,VR2-8148,A69-1303-54784,,,,,FAD U,+21.58167,-157.69167
2011-02-20 01:21:54,VR2-8148,A69-1303-54784,,,,,FAD U,+21.58167,-157.69167
2011-02-20 01:24:04,VR2-8148,A69-1303-54784,,,,,FAD U,+21.58167,-157.69167
2011-02-20 01:25:01,VR2-8148,A69-1303-54784,,,,,FAD U,+21.58167,-157.69167
2011-02-20 01:28:36,VR2-8148,A69-1303-54784,,,,,FAD U,+21.58167,-157.69167
2011-02-20 01:29:16,VR2-8148,A69-1303-54784,,,,,FAD U,+21.58167,-157.69167
2011-02-20 01:30:00,VR2-8148,A69-1303-54784,,,,,FAD U,+21.58167,-157.69167
2011-02-23 03:17:09,VR2-8148,A69-1303-54784,,,,,FAD U,+21.58167,-157.69167
2011-02-23 03:18:34,VR2-8148,A69-1303-54784,,,,,FAD U,+21.58167,-157.69167
2011-02-23 03:19:50,VR2-8148,A69-1303-54784,,,,,FAD U,+21.58167,-157.69167
2011-02-23 03:20:50,VR2-8148,A69-1303-54784,,,,,FAD U,+21.58167,-157.69167
2011-02-23 03:22:14,VR2-8148,A69-1303-54784,,,,,FAD U,+21.58167,-157.69167
2011-02-23 03:23:30,VR2-8148,A69-1303-54784,,,,,FAD U,+21.58167,-157.69167
2011-02-23 03:24:28,VR2-8148,A69-1303-54784,,,,,FAD U,+21.58167,-157.69167
2011-03-14 01:34:45,VR2-8148,A69-1303-54784,,,,,FAD U,+21.58167,-157.69167
2011-03-14 01:37:36,VR2-8148,A69-1303-54784,,,,,FAD U,+21.58167,-157.69167
2011-03-14 01:38:49,VR2-8148,A69-1303-54784,,,,,FAD U,+21.58167,-157.69167
2011-03-14 01:39:40,VR2-8148,A69-1303-54784,,,,,FAD U,+21.58167,-157.69167
2011-03-14 01:40:48,VR2-8148,A69-1303-54784,,,,,FAD U,+21.58167,-157.69167
2011-03-14 01:41:30,VR2-8148,A69-1303-54784,,,,,FAD U,+21.58167,-157.69167
2011-03-14 01:42:20,VR2-8148,A69-1303-54784,,,,,FAD U,+21.58167,-157.69167
2011-03-14 01:43:26,VR2-8148,A69-1303-54784,,,,,FAD U,+21.58167,-157.69167
2011-03-14 01:44:04,VR2-8148,A69-1303-54784,,,,,FAD U,+21.58167,-157.69167
2011-03-14 01:44:46,VR2-8148,A69-1303-54784,,,,,FAD U,+21.58167,-157.69167
2011-03-14 01:45:38,VR2-8148,A69-1303-54784,,,,,FAD U,+21.58167,-157.69167
2011-03-14 01:46:46,VR2-8148,A69-1303-54784,,,,,FAD U,+21.58167,-157.69167
2011-03-14 01:47:28,VR2-8148,A69-1303-54784,,,,,FAD U,+21.58167,-157.69167
2011-03-14 01:48:20,VR2-8148,A69-1303-54784,,,,,FAD U,+21.58167,-157.69167
2011-03-14 01:49:29,VR2-8148,A69-1303-54784,,,,,FAD U,+21.58167,-157.69167
2011-03-14 01:50:13,VR2-8148,A69-1303-54784,,,,,FAD U,+21.58167,-157.69167
2011-03-14 01:51:07,VR2-8148,A69-1303-54784,,,,,FAD U,+21.58167,-157.69167
2011-03-17 21:53:28,VR2-8148,A69-1303-54784,,,,,FAD U,+21.58167,-157.69167
2011-03-17 22:05:21,VR2-8148,A69-1303-54784,,,,,FAD U,+21.58167,-157.69167
2011-03-18 01:33:38,VR2-8148,A69-1303-54784,,,,,FAD U,+21.58167,-157.69167
2011-03-18 01:34:24,VR2-8148,A69-1303-54784,,,,,FAD U,+21.58167,-157.69167
2011-03-18 01:35:22,VR2-8148,A69-1303-54784,,,,,FAD U,+21.58167,-157.69167
2011-03-18 01:36:44,VR2-8148,A69-1303-54784,,,,,FAD U,+21.58167,-157.69167
2011-03-18 01:37:55,VR2-8148,A69-1303-54784,,,,,FAD U,+21.58167,-157.69167
2011-03-18 01:39:43,VR2-8148,A69-1303-54784,,,,,FAD U,+21.58167,-157.69167
2011-03-18 01:41:11,VR2-8148,A69-1303-54784,,,,,FAD U,+21.58167,-157.69167
2011-03-18 01:42:32,VR2-8148,A69-1303-54784,,,,,FAD U,+21.58167,-157.69167
2011-03-18 01:43:40,VR2-8148,A69-1303-54784,,,,,FAD U,+21.58167,-157.69167
2011-03-18 01:44:23,VR2-8148,A69-1303-54784,,,,,FAD U,+21.58167,-157.69167
2011-03-18 01:45:14,VR2-8148,A69-1303-54784,,,,,FAD U,+21.58167,-157.69167
2011-03-18 01:46:24,VR2-8148,A69-1303-54784,,,,,FAD U,+21.58167,-157.69167
2011-03-18 01:47:08,VR2-8148,A69-1303-54784,,,,,FAD U,+21.58167,-157.69167
2011-03-18 01:59:16,VR2-8148,A69-1303-54784,,,,,FAD U,+21.58167,-157.69167
2011-03-30 01:43:07,VR2-8148,A69-1303-54784,,,,,FAD U,+21.58167,-157.69167
2011-03-30 01:44:20,VR2-8148,A69-1303-54784,,,,,FAD U,+21.58167,-157.69167
2011-03-30 02:16:54,VR2-8148,A69-1303-54784,,,,,FAD U,+21.58167,-157.69167
2011-03-30 02:17:42,VR2-8148,A69-1303-54784,,,,,FAD U,+21.58167,-157.69167
2011-03-30 02:18:44,VR2-8148,A69-1303-54784,,,,,FAD U,+21.58167,-157.69167
2011-03-30 02:20:14,VR2-8148,A69-1303-54784,,,,,FAD U,+21.58167,-157.69167
2011-03-30 02:21:40,VR2-8148,A69-1303-54784,,,,,FAD U,+21.58167,-157.69167
2011-03-30 02:22:58,VR2-8148,A69-1303-54784,,,,,FAD U,+21.58167,-157.69167
2011-03-30 02:24:01,VR2-8148,A69-1303-54784,,,,,FAD U,+21.58167,-157.69167
2011-03-30 02:25:33,VR2-8148,A69-1303-54784,,,,,FAD U,+21.58167,-157.69167
2011-03-30 02:27:04,VR2-8148,A69-1303-54784,,,,,FAD U,+21.58167,-157.69167
2011-03-30 02:28:31,VR2-8148,A69-1303-54784,,,,,FAD U,+21.58167,-157.69167
2011-03-30 02:29:51,VR2-8148,A69-1303-54784,,,,,FAD U,+21.58167,-157.69167
2011-03-30 02:30:57,VR2-8148,A69-1303-54784,,,,,FAD U,+21.58167,-157.69167
2011-03-30 02:33:15,VR2-8148,A69-1303-54784,,,,,FAD U,+21.58167,-157.69167
2011-04-08 00:38:23,VR2-8148,A69-1303-54784,,,,,FAD U,+21.58167,-157.69167
2011-04-08 00:39:55,VR2-8148,A69-1303-54784,,,,,FAD U,+21.58167,-157.69167
2011-04-08 00:41:25,VR2-8148,A69-1303-54784,,,,,FAD U,+21.58167,-157.69167
2011-04-08 00:42:52,VR2-8148,A69-1303-54784,,,,,FAD U,+21.58167,-157.69167
2011-04-08 00:44:12,VR2-8148,A69-1303-54784,,,,,FAD U,+21.58167,-157.69167
2011-04-08 00:45:18,VR2-8148,A69-1303-54784,,,,,FAD U,+21.58167,-157.69167
2011-04-08 00:45:56,VR2-8148,A69-1303-54784,,,,,FAD U,+21.58167,-157.69167
2011-04-08 00:46:38,VR2-8148,A69-1303-54784,,,,,FAD U,+21.58167,-157.69167
2011-04-08 00:47:29,VR2-8148,A69-1303-54784,,,,,FAD U,+21.58167,-157.69167
2011-04-08 00:48:36,VR2-8148,A69-1303-54784,,,,,FAD U,+21.58167,-157.69167
2011-04-08 00:49:17,VR2-8148,A69-1303-54784,,,,,FAD U,+21.58167,-157.69167
2011-04-08 00:51:05,VR2-8148,A69-1303-54784,,,,,FAD U,+21.58167,-157.69167
2011-04-08 00:52:32,VR2-8148,A69-1303-54784,,,,,FAD U,+21.58167,-157.69167
2011-04-08 01:55:27,VR2-8148,A69-1303-54784,,,,,FAD U,+21.58167,-157.69167
2011-04-08 01:56:32,VR2-8148,A69-1303-54784,,,,,FAD U,+21.58167,-157.69167
2011-04-08 01:57:49,VR2-8148,A69-1303-54784,,,,,FAD U,+21.58167,-157.69167
2011-04-08 01:58:34,VR2-8148,A69-1303-54784,,,,,FAD U,+21.58167,-157.69167
2011-04-08 02:00:48,VR2-8148,A69-1303-54784,,,,,FAD U,+21.58167,-157.69167
2011-04-08 02:01:51,VR2-8148,A69-1303-54784,,,,,FAD U,+21.58167,-157.69167
2011-04-08 02:03:24,VR2-8148,A69-1303-54784,,,,,FAD U,+21.58167,-157.69167
2011-04-08 02:04:54,VR2-8148,A69-1303-54784,,,,,FAD U,+21.58167,-157.69167
2011-04-08 23:08:51,VR2-8148,A69-1303-54784,,,,,FAD U,+21.58167,-157.69167
2011-04-08 23:10:07,VR2-8148,A69-1303-54784,,,,,FAD U,+21.58167,-157.69167
2011-04-08 23:11:05,VR2-8148,A69-1303-54784,,,,,FAD U,+21.58167,-157.69167
2011-04-08 23:12:27,VR2-8148,A69-1303-54784,,,,,FAD U,+21.58167,-157.69167
2011-04-08 23:13:38,VR2-8148,A69-1303-54784,,,,,FAD U,+21.58167,-157.69167
2011-04-08 23:14:25,VR2-8148,A69-1303-54784,,,,,FAD U,+21.58167,-157.69167
2011-04-08 23:15:27,VR2-8148,A69-1303-54784,,,,,FAD U,+21.58167,-157.69167
2011-04-08 23:16:56,VR2-8148,A69-1303-54784,,,,,FAD U,+21.58167,-157.69167
2011-04-08 23:18:19,VR2-8148,A69-1303-54784,,,,,FAD U,+21.58167,-157.69167
2011-04-08 23:19:33,VR2-8148,A69-1303-54784,,,,,FAD U,+21.58167,-157.69167
2011-04-08 23:20:27,VR2-8148,A69-1303-54784,,,,,FAD U,+21.58167,-157.69167
2011-04-08 23:21:40,VR2-8148,A69-1303-54784,,,,,FAD U,+21.58167,-157.69167
2011-04-09 02:09:58,VR2-8148,A69-1303-54784,,,,,FAD U,+21.58167,-157.69167
2011-04-09 02:11:04,VR2-8148,A69-1303-54784,,,,,FAD U,+21.58167,-157.69167
2011-04-09 02:11:41,VR2-8148,A69-1303-54784,,,,,FAD U,+21.58167,-157.69167
2011-04-09 02:12:21,VR2-8148,A69-1303-54784,,,,,FAD U,+21.58167,-157.69167
2011-04-09 02:13:08,VR2-8148,A69-1303-54784,,,,,FAD U,+21.58167,-157.69167
2011-04-13 23:32:18,VR2-8148,A69-1303-54784,,,,,FAD U,+21.58167,-157.69167
2011-04-13 23:36:33,VR2-8148,A69-1303-54784,,,,,FAD U,+21.58167,-157.69167
2011-04-13 23:37:38,VR2-8148,A69-1303-54784,,,,,FAD U,+21.58167,-157.69167
2011-04-13 23:38:13,VR2-8148,A69-1303-54784,,,,,FAD U,+21.58167,-157.69167
2011-04-13 23:38:49,VR2-8148,A69-1303-54784,,,,,FAD U,+21.58167,-157.69167
2011-04-13 23:40:09,VR2-8148,A69-1303-54784,,,,,FAD U,+21.58167,-157.69167
2011-04-13 23:40:59,VR2-8148,A69-1303-54784,,,,,FAD U,+21.58167,-157.69167
2011-04-13 23:43:30,VR2-8148,A69-1303-54784,,,,,FAD U,+21.58167,-157.69167
2011-04-13 23:45:43,VR2-8148,A69-1303-54784,,,,,FAD U,+21.58167,-157.69167
2011-04-13 23:49:34,VR2-8148,A69-1303-54784,,,,,FAD U,+21.58167,-157.69167
2011-04-13 23:50:45,VR2-8148,A69-1303-54784,,,,,FAD U,+21.58167,-157.69167
2011-04-13 23:52:32,VR2-8148,A69-1303-54784,,,,,FAD U,+21.58167,-157.69167
2011-04-13 23:53:58,VR2-8148,A69-1303-54784,,,,,FAD U,+21.58167,-157.69167
2011-04-13 23:56:21,VR2-8148,A69-1303-54784,,,,,FAD U,+21.58167,-157.69167
2011-04-14 00:02:17,VR2-8148,A69-1303-54784,,,,,FAD U,+21.58167,-157.69167
2011-04-14 00:04:44,VR2-8148,A69-1303-54784,,,,,FAD U,+21.58167,-157.69167
2011-04-14 00:05:52,VR2-8148,A69-1303-54784,,,,,FAD U,+21.58167,-157.69167
2011-04-14 00:06:26,VR2-8148,A69-1303-54784,,,,,FAD U,+21.58167,-157.69167
2011-04-14 00:10:00,VR2-8148,A69-1303-54784,,,,,FAD U,+21.58167,-157.69167
2011-04-14 01:58:20,VR2-8148,A69-1303-54784,,,,,FAD U,+21.58167,-157.69167
2011-04-14 02:02:18,VR2-8148,A69-1303-54784,,,,,FAD U,+21.58167,-157.69167
2011-04-16 01:56:54,VR2-8148,A69-1303-54784,,,,,FAD U,+21.58167,-157.69167
2011-04-16 02:00:54,VR2-8148,A69-1303-54784,,,,,FAD U,+21.58167,-157.69167
2011-04-16 02:01:51,VR2-8148,A69-1303-54784,,,,,FAD U,+21.58167,-157.69167
2011-04-16 02:03:12,VR2-8148,A69-1303-54784,,,,,FAD U,+21.58167,-157.69167
2011-04-16 02:04:19,VR2-8148,A69-1303-54784,,,,,FAD U,+21.58167,-157.69167
2011-04-16 02:05:00,VR2-8148,A69-1303-54784,,,,,FAD U,+21.58167,-157.69167
2011-04-16 02:05:48,VR2-8148,A69-1303-54784,,,,,FAD U,+21.58167,-157.69167
2011-04-16 02:06:49,VR2-8148,A69-1303-54784,,,,,FAD U,+21.58167,-157.69167
2011-04-16 02:08:19,VR2-8148,A69-1303-54784,,,,,FAD U,+21.58167,-157.69167
2011-04-16 02:09:44,VR2-8148,A69-1303-54784,,,,,FAD U,+21.58167,-157.69167
2011-04-16 02:11:01,VR2-8148,A69-1303-54784,,,,,FAD U,+21.58167,-157.69167
2011-04-16 02:12:00,VR2-8148,A69-1303-54784,,,,,FAD U,+21.58167,-157.69167
2011-04-16 02:13:25,VR2-8148,A69-1303-54784,,,,,FAD U,+21.58167,-157.69167
2011-04-16 02:14:42,VR2-8148,A69-1303-54784,,,,,FAD U,+21.58167,-157.69167
2011-04-16 02:18:23,VR2-8148,A69-1303-54784,,,,,FAD U,+21.58167,-157.69167
2011-04-17 22:31:34,VR2-8148,A69-1303-54784,,,,,FAD U,+21.58167,-157.69167
2011-04-17 22:32:10,VR2-8148,A69-1303-54784,,,,,FAD U,+21.58167,-157.69167
2011-04-17 22:32:48,VR2-8148,A69-1303-54784,,,,,FAD U,+21.58167,-157.69167
2011-04-17 22:35:26,VR2-8148,A69-1303-54784,,,,,FAD U,+21.58167,-157.69167
2011-04-17 22:36:04,VR2-8148,A69-1303-54784,,,,,FAD U,+21.58167,-157.69167
2011-04-17 22:36:46,VR2-8148,A69-1303-54784,,,,,FAD U,+21.58167,-157.69167
2011-04-17 22:38:43,VR2-8148,A69-1303-54784,,,,,FAD U,+21.58167,-157.69167
2011-04-17 22:39:24,VR2-8148,A69-1303-54784,,,,,FAD U,+21.58167,-157.69167
2011-04-17 22:40:10,VR2-8148,A69-1303-54784,,,,,FAD U,+21.58167,-157.69167
2011-04-17 22:41:10,VR2-8148,A69-1303-54784,,,,,FAD U,+21.58167,-157.69167
2011-04-17 22:42:34,VR2-8148,A69-1303-54784,,,,,FAD U,+21.58167,-157.69167
2011-04-17 22:43:49,VR2-8148,A69-1303-54784,,,,,FAD U,+21.58167,-157.69167
2011-04-17 22:44:46,VR2-8148,A69-1303-54784,,,,,FAD U,+21.58167,-157.69167
2011-04-17 22:47:11,VR2-8148,A69-1303-54784,,,,,FAD U,+21.58167,-157.69167
2011-04-17 22:48:27,VR2-8148,A69-1303-54784,,,,,FAD U,+21.58167,-157.69167
2011-04-18 22:03:45,VR2-8148,A69-1303-54784,,,,,FAD U,+21.58167,-157.69167
2011-04-18 22:17:35,VR2-8148,A69-1303-54784,,,,,FAD U,+21.58167,-157.69167
2011-04-18 22:18:34,VR2-8148,A69-1303-54784,,,,,FAD U,+21.58167,-157.69167
2011-04-18 22:21:10,VR2-8148,A69-1303-54784,,,,,FAD U,+21.58167,-157.69167
2011-04-18 22:22:03,VR2-8148,A69-1303-54784,,,,,FAD U,+21.58167,-157.69167
2011-04-18 22:23:15,VR2-8148,A69-1303-54784,,,,,FAD U,+21.58167,-157.69167
2011-04-18 22:24:06,VR2-8148,A69-1303-54784,,,,,FAD U,+21.58167,-157.69167
2011-04-18 22:25:12,VR2-8148,A69-1303-54784,,,,,FAD U,+21.58167,-157.69167
2011-04-18 22:26:36,VR2-8148,A69-1303-54784,,,,,FAD U,+21.58167,-157.69167
2011-04-18 22:27:31,VR2-8148,A69-1303-54784,,,,,FAD U,+21.58167,-157.69167
2011-04-18 22:28:47,VR2-8148,A69-1303-54784,,,,,FAD U,+21.58167,-157.69167
2011-04-18 22:29:46,VR2-8148,A69-1303-54784,,,,,FAD U,+21.58167,-157.69167
2011-04-18 22:31:09,VR2-8148,A69-1303-54784,,,,,FAD U,+21.58167,-157.69167
2011-04-18 22:33:15,VR2-8148,A69-1303-54784,,,,,FAD U,+21.58167,-157.69167
2011-04-19 00:06:03,VR2-8148,A69-1303-54784,,,,,FAD U,+21.58167,-157.69167
2011-04-19 00:33:29,VR2-8148,A69-1303-54784,,,,,FAD U,+21.58167,-157.69167
2011-04-19 00:34:04,VR2-8148,A69-1303-54784,,,,,FAD U,+21.58167,-157.69167
2011-04-19 00:34:40,VR2-8148,A69-1303-54784,,,,,FAD U,+21.58167,-157.69167
2011-04-19 00:35:20,VR2-8148,A69-1303-54784,,,,,FAD U,+21.58167,-157.69167
2011-04-19 00:36:05,VR2-8148,A69-1303-54784,,,,,FAD U,+21.58167,-157.69167
2011-04-19 00:37:00,VR2-8148,A69-1303-54784,,,,,FAD U,+21.58167,-157.69167
2011-04-19 00:50:48,VR2-8148,A69-1303-54784,,,,,FAD U,+21.58167,-157.69167
2011-04-19 00:55:12,VR2-8148,A69-1303-54784,,,,,FAD U,+21.58167,-157.69167
2011-04-19 00:57:34,VR2-8148,A69-1303-54784,,,,,FAD U,+21.58167,-157.69167
2011-04-19 01:00:38,VR2-8148,A69-1303-54784,,,,,FAD U,+21.58167,-157.69167
2011-04-19 01:05:32,VR2-8148,A69-1303-54784,,,,,FAD U,+21.58167,-157.69167
2011-04-26 01:19:56,VR2-8148,A69-1303-54784,,,,,FAD U,+21.58167,-157.69167
2011-04-26 01:21:57,VR2-8148,A69-1303-54784,,,,,FAD U,+21.58167,-157.69167
2011-04-26 01:25:00,VR2-8148,A69-1303-54784,,,,,FAD U,+21.58167,-157.69167
2011-04-26 01:26:07,VR2-8148,A69-1303-54784,,,,,FAD U,+21.58167,-157.69167
2011-04-26 01:26:47,VR2-8148,A69-1303-54784,,,,,FAD U,+21.58167,-157.69167
2011-04-26 01:27:32,VR2-8148,A69-1303-54784,,,,,FAD U,+21.58167,-157.69167
2011-04-26 01:28:30,VR2-8148,A69-1303-54784,,,,,FAD U,+21.58167,-157.69167
2011-04-26 01:29:52,VR2-8148,A69-1303-54784,,,,,FAD U,+21.58167,-157.69167
2011-04-26 01:31:01,VR2-8148,A69-1303-54784,,,,,FAD U,+21.58167,-157.69167
2011-04-26 01:31:46,VR2-8148,A69-1303-54784,,,,,FAD U,+21.58167,-157.69167
2011-04-26 01:32:42,VR2-8148,A69-1303-54784,,,,,FAD U,+21.58167,-157.69167
2011-04-26 01:34:00,VR2-8148,A69-1303-54784,,,,,FAD U,+21.58167,-157.69167
2011-04-26 01:35:03,VR2-8148,A69-1303-54784,,,,,FAD U,+21.58167,-157.69167
2011-04-26 01:36:34,VR2-8148,A69-1303-54784,,,,,FAD U,+21.58167,-157.69167
2011-04-26 01:38:02,VR2-8148,A69-1303-54784,,,,,FAD U,+21.58167,-157.69167
2011-04-26 01:39:25,VR2-8148,A69-1303-54784,,,,,FAD U,+21.58167,-157.69167
2011-04-26 01:40:38,VR2-8148,A69-1303-54784,,,,,FAD U,+21.58167,-157.69167
2011-04-26 01:41:29,VR2-8148,A69-1303-54784,,,,,FAD U,+21.58167,-157.69167
2011-04-26 01:43:19,VR2-8148,A69-1303-54784,,,,,FAD U,+21.58167,-157.69167
2011-04-26 01:44:09,VR2-8148,A69-1303-54784,,,,,FAD U,+21.58167,-157.69167
2011-04-26 01:45:52,VR2-8148,A69-1303-54784,,,,,FAD U,+21.58167,-157.69167
2011-04-26 01:46:34,VR2-8148,A69-1303-54784,,,,,FAD U,+21.58167,-157.69167
2011-04-26 01:47:23,VR2-8148,A69-1303-54784,,,,,FAD U,+21.58167,-157.69167
2011-04-26 01:48:28,VR2-8148,A69-1303-54784,,,,,FAD U,+21.58167,-157.69167
2011-04-26 01:49:04,VR2-8148,A69-1303-54784,,,,,FAD U,+21.58167,-157.69167
2011-04-26 01:49:41,VR2-8148,A69-1303-54784,,,,,FAD U,+21.58167,-157.69167
2011-04-26 01:50:22,VR2-8148,A69-1303-54784,,,,,FAD U,+21.58167,-157.69167
2011-04-26 01:51:09,VR2-8148,A69-1303-54784,,,,,FAD U,+21.58167,-157.69167
2011-04-26 01:53:39,VR2-8148,A69-1303-54784,,,,,FAD U,+21.58167,-157.69167
2011-04-26 02:28:46,VR2-8148,A69-1303-54784,,,,,FAD U,+21.58167,-157.69167
2011-04-26 02:29:54,VR2-8148,A69-1303-54784,,,,,FAD U,+21.58167,-157.69167
2011-04-26 02:32:30,VR2-8148,A69-1303-54784,,,,,FAD U,+21.58167,-157.69167
2011-04-26 02:33:06,VR2-8148,A69-1303-54784,,,,,FAD U,+21.58167,-157.69167
2011-04-26 02:33:44,VR2-8148,A69-1303-54784,,,,,FAD U,+21.58167,-157.69167
2011-04-26 02:34:26,VR2-8148,A69-1303-54784,,,,,FAD U,+21.58167,-157.69167
2011-04-26 02:35:16,VR2-8148,A69-1303-54784,,,,,FAD U,+21.58167,-157.69167
2011-04-26 02:36:22,VR2-8148,A69-1303-54784,,,,,FAD U,+21.58167,-157.69167
2011-04-26 02:37:01,VR2-8148,A69-1303-54784,,,,,FAD U,+21.58167,-157.69167
2011-04-26 02:37:43,VR2-8148,A69-1303-54784,,,,,FAD U,+21.58167,-157.69167
2011-04-26 02:38:35,VR2-8148,A69-1303-54784,,,,,FAD U,+21.58167,-157.69167
2011-04-26 02:39:45,VR2-8148,A69-1303-54784,,,,,FAD U,+21.58167,-157.69167
2011-04-26 02:40:32,VR2-8148,A69-1303-54784,,,,,FAD U,+21.58167,-157.69167
2011-04-26 02:41:31,VR2-8148,A69-1303-54784,,,,,FAD U,+21.58167,-157.69167
2011-04-26 02:42:55,VR2-8148,A69-1303-54784,,,,,FAD U,+21.58167,-157.69167
2011-04-26 02:46:24,VR2-8148,A69-1303-54784,,,,,FAD U,+21.58167,-157.69167
2011-05-18 00:06:09,VR2-8148,A69-1303-54784,,,,,FAD U,+21.58167,-157.69167
2011-05-18 00:28:53,VR2-8148,A69-1303-54784,,,,,FAD U,+21.58167,-157.69167
2011-05-18 00:30:18,VR2-8148,A69-1303-54784,,,,,FAD U,+21.58167,-157.69167
2011-05-18 00:31:33,VR2-8148,A69-1303-54784,,,,,FAD U,+21.58167,-157.69167
2011-05-18 00:32:30,VR2-8148,A69-1303-54784,,,,,FAD U,+21.58167,-157.69167
2011-05-18 00:41:20,VR2-8148,A69-1303-54784,,,,,FAD U,+21.58167,-157.69167
2011-05-18 00:42:25,VR2-8148,A69-1303-54784,,,,,FAD U,+21.58167,-157.69167
2011-05-18 00:43:36,VR2-8148,A69-1303-54784,,,,,FAD U,+21.58167,-157.69167
2011-05-18 00:44:16,VR2-8148,A69-1303-54784,,,,,FAD U,+21.58167,-157.69167
2011-05-18 00:45:01,VR2-8148,A69-1303-54784,,,,,FAD U,+21.58167,-157.69167
2011-05-18 00:45:56,VR2-8148,A69-1303-54784,,,,,FAD U,+21.58167,-157.69167
2011-05-18 00:47:14,VR2-8148,A69-1303-54784,,,,,FAD U,+21.58167,-157.69167
2011-05-18 00:48:14,VR2-8148,A69-1303-54784,,,,,FAD U,+21.58167,-157.69167
2011-05-18 00:49:42,VR2-8148,A69-1303-54784,,,,,FAD U,+21.58167,-157.69167
2011-05-18 00:51:03,VR2-8148,A69-1303-54784,,,,,FAD U,+21.58167,-157.69167
2011-05-18 00:52:13,VR2-8148,A69-1303-54784,,,,,FAD U,+21.58167,-157.69167
2011-05-18 00:52:58,VR2-8148,A69-1303-54784,,,,,FAD U,+21.58167,-157.69167
2011-05-18 00:53:53,VR2-8148,A69-1303-54784,,,,,FAD U,+21.58167,-157.69167
2011-05-18 23:19:55,VR2-8148,A69-1303-54784,,,,,FAD U,+21.58167,-157.69167
2011-05-18 23:20:51,VR2-8148,A69-1303-54784,,,,,FAD U,+21.58167,-157.69167
2011-05-18 23:22:09,VR2-8148,A69-1303-54784,,,,,FAD U,+21.58167,-157.69167
2011-05-18 23:23:10,VR2-8148,A69-1303-54784,,,,,FAD U,+21.58167,-157.69167
2011-05-18 23:27:22,VR2-8148,A69-1303-54784,,,,,FAD U,+21.58167,-157.69167
2011-05-18 23:28:21,VR2-8148,A69-1303-54784,,,,,FAD U,+21.58167,-157.69167
2011-05-25 23:31:52,VR2-8148,A69-1303-54784,,,,,FAD U,+21.58167,-157.69167
2011-05-25 23:32:58,VR2-8148,A69-1303-54784,,,,,FAD U,+21.58167,-157.69167
2011-05-25 23:33:37,VR2-8148,A69-1303-54784,,,,,FAD U,+21.58167,-157.69167
2011-05-25 23:35:17,VR2-8148,A69-1303-54784,,,,,FAD U,+21.58167,-157.69167
2011-05-25 23:36:34,VR2-8148,A69-1303-54784,,,,,FAD U,+21.58167,-157.69167
2011-05-25 23:37:33,VR2-8148,A69-1303-54784,,,,,FAD U,+21.58167,-157.69167
2011-05-25 23:38:58,VR2-8148,A69-1303-54784,,,,,FAD U,+21.58167,-157.69167
2011-05-25 23:40:15,VR2-8148,A69-1303-54784,,,,,FAD U,+21.58167,-157.69167
2011-05-25 23:41:14,VR2-8148,A69-1303-54784,,,,,FAD U,+21.58167,-157.69167
2011-05-25 23:43:53,VR2-8148,A69-1303-54784,,,,,FAD U,+21.58167,-157.69167
2011-05-26 01:34:22,VR2-8148,A69-1303-54784,,,,,FAD U,+21.58167,-157.69167
2011-05-26 01:36:35,VR2-8148,A69-1303-54784,,,,,FAD U,+21.58167,-157.69167
2011-07-22 22:52:00,VR2-8148,A69-1303-54784,,,,,FAD U,+21.58167,-157.69167
2011-07-22 22:54:11,VR2-8148,A69-1303-54784,,,,,FAD U,+21.58167,-157.69167
2011-07-22 22:57:39,VR2-8148,A69-1303-54784,,,,,FAD U,+21.58167,-157.69167
2011-07-22 22:58:24,VR2-8148,A69-1303-54784,,,,,FAD U,+21.58167,-157.69167
2011-07-22 22:59:19,VR2-8148,A69-1303-54784,,,,,FAD U,+21.58167,-157.69167
2011-07-22 23:00:35,VR2-8148,A69-1303-54784,,,,,FAD U,+21.58167,-157.69167
2011-07-22 23:01:33,VR2-8148,A69-1303-54784,,,,,FAD U,+21.58167,-157.69167
2011-07-22 23:02:56,VR2-8148,A69-1303-54784,,,,,FAD U,+21.58167,-157.69167
2011-07-22 23:04:08,VR2-8148,A69-1303-54784,,,,,FAD U,+21.58167,-157.69167
2011-07-22 23:04:58,VR2-8148,A69-1303-54784,,,,,FAD U,+21.58167,-157.69167
2011-07-22 23:06:05,VR2-8148,A69-1303-54784,,,,,FAD U,+21.58167,-157.69167
2011-07-22 23:06:44,VR2-8148,A69-1303-54784,,,,,FAD U,+21.58167,-157.69167
2011-07-22 23:07:28,VR2-8148,A69-1303-54784,,,,,FAD U,+21.58167,-157.69167
2011-07-22 23:08:22,VR2-8148,A69-1303-54784,,,,,FAD U,+21.58167,-157.69167
2011-07-22 23:09:35,VR2-8148,A69-1303-54784,,,,,FAD U,+21.58167,-157.69167
2011-07-22 23:10:29,VR2-8148,A69-1303-54784,,,,,FAD U,+21.58167,-157.69167
2011-07-22 23:11:43,VR2-8148,A69-1303-54784,,,,,FAD U,+21.58167,-157.69167
2011-07-22 23:12:36,VR2-8148,A69-1303-54784,,,,,FAD U,+21.58167,-157.69167
2011-07-22 23:13:49,VR2-8148,A69-1303-54784,,,,,FAD U,+21.58167,-157.69167
2011-07-22 23:17:29,VR2-8148,A69-1303-54784,,,,,FAD U,+21.58167,-157.69167
2011-07-23 00:10:50,VR2-8148,A69-1303-54784,,,,,FAD U,+21.58167,-157.69167
2011-07-23 00:13:27,VR2-8148,A69-1303-54784,,,,,FAD U,+21.58167,-157.69167
2011-07-23 00:15:01,VR2-8148,A69-1303-54784,,,,,FAD U,+21.58167,-157.69167
2011-07-23 00:16:34,VR2-8148,A69-1303-54784,,,,,FAD U,+21.58167,-157.69167
2011-07-23 00:18:06,VR2-8148,A69-1303-54784,,,,,FAD U,+21.58167,-157.69167
2011-07-23 00:19:37,VR2-8148,A69-1303-54784,,,,,FAD U,+21.58167,-157.69167
2011-07-23 00:21:04,VR2-8148,A69-1303-54784,,,,,FAD U,+21.58167,-157.69167
2011-07-23 00:22:25,VR2-8148,A69-1303-54784,,,,,FAD U,+21.58167,-157.69167
2011-07-23 00:23:34,VR2-8148,A69-1303-54784,,,,,FAD U,+21.58167,-157.69167
2011-07-23 00:24:17,VR2-8148,A69-1303-54784,,,,,FAD U,+21.58167,-157.69167
2011-07-23 00:25:09,VR2-8148,A69-1303-54784,,,,,FAD U,+21.58167,-157.69167
2011-07-23 00:35:17,VR2-8148,A69-1303-54784,,,,,FAD U,+21.58167,-157.69167
2011-07-23 00:37:33,VR2-8148,A69-1303-54784,,,,,FAD U,+21.58167,-157.69167
2011-07-23 00:38:46,VR2-8148,A69-1303-54784,,,,,FAD U,+21.58167,-157.69167
2011-07-23 00:39:37,VR2-8148,A69-1303-54784,,,,,FAD U,+21.58167,-157.69167
2011-07-23 00:40:47,VR2-8148,A69-1303-54784,,,,,FAD U,+21.58167,-157.69167
2011-07-23 00:41:31,VR2-8148,A69-1303-54784,,,,,FAD U,+21.58167,-157.69167
2011-07-23 00:42:27,VR2-8148,A69-1303-54784,,,,,FAD U,+21.58167,-157.69167
2011-07-23 00:43:44,VR2-8148,A69-1303-54784,,,,,FAD U,+21.58167,-157.69167
2013-03-28 23:51:58,VR2W-101200,A69-1303-61979,,,,,HIMB Reef 8 West,+21.44196,-157.79625
2013-03-28 23:52:21,VR2W-101200,A69-1303-61979,,,,,HIMB Reef 8 West,+21.44196,-157.79625
2013-03-28 23:52:54,VR2W-101200,A69-1303-61979,,,,,HIMB Reef 8 West,+21.44196,-157.79625
2013-03-28 23:55:26,VR2W-101200,A69-1303-61979,,,,,HIMB Reef 8 West,+21.44196,-157.79625
2013-03-28 23:55:49,VR2W-101200,A69-1303-61979,,,,,HIMB Reef 8 West,+21.44196,-157.79625
2013-03-28 23:56:20,VR2W-101200,A69-1303-61979,,,,,HIMB Reef 8 West,+21.44196,-157.79625
2013-03-28 23:56:45,VR2W-101200,A69-1303-61979,,,,,HIMB Reef 8 West,+21.44196,-157.79625
2013-03-28 23:57:22,VR2W-101200,A69-1303-61979,,,,,HIMB Reef 8 West,+21.44196,-157.79625
2013-03-28 23:57:56,VR2W-101200,A69-1303-61979,,,,,HIMB Reef 8 West,+21.44196,-157.79625
2013-03-28 23:58:27,VR2W-101200,A69-1303-61979,,,,,HIMB Reef 8 West,+21.44196,-157.79625
2013-03-29 00:02:53,VR2W-101200,A69-1303-61979,,,,,HIMB Reef 8 West,+21.44196,-157.79625
2013-03-29 00:03:39,VR2W-101200,A69-1303-61979,,,,,HIMB Reef 8 West,+21.44196,-157.79625
2013-03-29 00:04:01,VR2W-101200,A69-1303-61979,,,,,HIMB Reef 8 West,+21.44196,-157.79625
2013-03-29 00:04:32,VR2W-101200,A69-1303-61979,,,,,HIMB Reef 8 West,+21.44196,-157.79625
2013-03-29 00:04:54,VR2W-101200,A69-1303-61979,,,,,HIMB Reef 8 West,+21.44196,-157.79625
2013-03-29 00:05:25,VR2W-101200,A69-1303-61979,,,,,HIMB Reef 8 West,+21.44196,-157.79625
2013-03-29 00:05:49,VR2W-101200,A69-1303-61979,,,,,HIMB Reef 8 West,+21.44196,-157.79625
2013-03-29 00:07:48,VR2W-101200,A69-1303-61979,,,,,HIMB Reef 8 West,+21.44196,-157.79625
2013-03-29 00:08:11,VR2W-101200,A69-1303-61979,,,,,HIMB Reef 8 West,+21.44196,-157.79625
2013-04-21 10:59:39,VR2W-101200,A69-1303-61979,,,,,HIMB Reef 8 West,+21.44196,-157.79625
2013-04-23 06:02:07,VR2W-101200,A69-1303-61979,,,,,HIMB Reef 8 West,+21.44196,-157.79625
2013-05-01 10:41:33,VR2W-101200,A69-1303-61979,,,,,HIMB Reef 8 West,+21.44196,-157.79625
2013-05-02 23:18:02,VR2W-101200,A69-1303-61979,,,,,HIMB Reef 8 West,+21.44196,-157.79625
2013-05-12 01:05:21,VR2W-101200,A69-1303-61979,,,,,HIMB Reef 8 West,+21.44196,-157.79625
2013-05-12 01:05:55,VR2W-101200,A69-1303-61979,,,,,HIMB Reef 8 West,+21.44196,-157.79625
2013-05-12 01:06:25,VR2W-101200,A69-1303-61979,,,,,HIMB Reef 8 West,+21.44196,-157.79625
2013-05-12 01:06:46,VR2W-101200,A69-1303-61979,,,,,HIMB Reef 8 West,+21.44196,-157.79625
2013-05-12 09:02:43,VR2W-101200,A69-1303-61979,,,,,HIMB Reef 8 West,+21.44196,-157.79625
2013-05-12 09:03:30,VR2W-101200,A69-1303-61979,,,,,HIMB Reef 8 West,+21.44196,-157.79625
2013-05-12 09:03:55,VR2W-101200,A69-1303-61979,,,,,HIMB Reef 8 West,+21.44196,-157.79625
2013-05-12 09:17:29,VR2W-101198,A69-1303-61979,,,,,HIMB Reef 3 South,+21.43436,-157.79351
2013-05-12 09:27:33,VR2W-101198,A69-1303-61979,,,,,HIMB Reef 3 South,+21.43436,-157.79351
2013-05-12 09:28:06,VR2W-101198,A69-1303-61979,,,,,HIMB Reef 3 South,+21.43436,-157.79351
2013-05-12 09:28:34,VR2W-101198,A69-1303-61979,,,,,HIMB Reef 3 South,+21.43436,-157.79351
2013-05-12 14:22:50,VR2W-101200,A69-1303-61979,,,,,HIMB Reef 8 West,+21.44196,-157.79625
2013-05-12 14:23:22,VR2W-101200,A69-1303-61979,,,,,HIMB Reef 8 West,+21.44196,-157.79625
2013-05-12 14:24:11,VR2W-101200,A69-1303-61979,,,,,HIMB Reef 8 West,+21.44196,-157.79625
2013-05-12 14:34:07,VR2W-101200,A69-1303-61979,,,,,HIMB Reef 8 West,+21.44196,-157.79625
2013-05-17 01:45:55,VR2W-101200,A69-1303-61979,,,,,HIMB Reef 8 West,+21.44196,-157.79625
2013-05-17 01:46:42,VR2W-101200,A69-1303-61979,,,,,HIMB Reef 8 West,+21.44196,-157.79625
2013-05-17 01:47:11,VR2W-101200,A69-1303-61979,,,,,HIMB Reef 8 West,+21.44196,-157.79625
2013-05-17 01:48:41,VR2W-101200,A69-1303-61979,,,,,HIMB Reef 8 West,+21.44196,-157.79625
2013-05-17 01:49:08,VR2W-101200,A69-1303-61979,,,,,HIMB Reef 8 West,+21.44196,-157.79625
2013-05-17 01:49:38,VR2W-101200,A69-1303-61979,,,,,HIMB Reef 8 West,+21.44196,-157.79625
2013-05-17 01:49:56,VR2W-101200,A69-1303-61979,,,,,HIMB Reef 8 West,+21.44196,-157.79625
2013-05-17 01:50:18,VR2W-101200,A69-1303-61979,,,,,HIMB Reef 8 West,+21.44196,-157.79625
2013-05-17 01:50:49,VR2W-101200,A69-1303-61979,,,,,HIMB Reef 8 West,+21.44196,-157.79625
2013-05-17 03:52:37,VR2W-101200,A69-1303-61979,,,,,HIMB Reef 8 West,+21.44196,-157.79625
2013-05-17 03:54:40,VR2W-101200,A69-1303-61979,,,,,HIMB Reef 8 West,+21.44196,-157.79625
2013-05-17 03:54:58,VR2W-101200,A69-1303-61979,,,,,HIMB Reef 8 West,+21.44196,-157.79625
2013-05-17 03:55:21,VR2W-101200,A69-1303-61979,,,,,HIMB Reef 8 West,+21.44196,-157.79625
2013-05-17 03:56:52,VR2W-101200,A69-1303-61979,,,,,HIMB Reef 8 West,+21.44196,-157.79625
2013-05-17 04:09:07,VR2W-101200,A69-1303-61979,,,,,HIMB Reef 8 West,+21.44196,-157.79625
2013-05-17 04:10:34,VR2W-101200,A69-1303-61979,,,,,HIMB Reef 8 West,+21.44196,-157.79625
2013-05-17 04:12:15,VR2W-101200,A69-1303-61979,,,,,HIMB Reef 8 West,+21.44196,-157.79625
2013-05-21 08:03:40,VR2W-101200,A69-1303-61979,,,,,HIMB Reef 8 West,+21.44196,-157.79625
2013-06-08 12:47:21,VR2W-101200,A69-1303-61979,,,,,HIMB Reef 8 West,+21.44196,-157.79625
2013-06-08 12:47:41,VR2W-101200,A69-1303-61979,,,,,HIMB Reef 8 West,+21.44196,-157.79625
2013-06-08 12:48:44,VR2W-101200,A69-1303-61979,,,,,HIMB Reef 8 West,+21.44196,-157.79625
2013-06-19 03:24:32,VR2W-101200,A69-1303-62846,,,,,HIMB Reef 8 West,+21.44196,-157.79625
2013-06-19 06:02:03,VR2W-101200,A69-1303-62846,,,,,HIMB Reef 8 West,+21.44196,-157.79625
2013-06-20 07:00:35,VR2W-101198,A69-1303-62846,,,,,HIMB Reef 3 South,+21.43436,-157.79351
2013-06-20 07:02:10,VR2W-101198,A69-1303-62846,,,,,HIMB Reef 3 South,+21.43436,-157.79351
2013-06-23 05:48:29,VR2W-101200,A69-1303-62846,,,,,HIMB Reef 8 West,+21.44196,-157.79625
2013-06-26 03:28:36,VR2W-101200,A69-1303-62846,,,,,HIMB Reef 8 West,+21.44196,-157.79625
2013-06-27 15:09:31,VR2W-101198,A69-1303-62846,,,,,HIMB Reef 3 South,+21.43436,-157.79351
2013-06-29 07:21:48,VR2W-101200,A69-1303-62846,,,,,HIMB Reef 8 West,+21.44196,-157.79625
2013-06-29 07:54:09,VR2W-101200,A69-1303-62846,,,,,HIMB Reef 8 West,+21.44196,-157.79625
2013-06-30 09:02:35,VR2W-101198,A69-1303-62846,,,,,HIMB Reef 3 South,+21.43436,-157.79351
2013-06-30 19:48:16,VR2W-101200,A69-1303-62846,,,,,HIMB Reef 8 West,+21.44196,-157.79625
2013-07-05 14:22:19,VR2W-101200,A69-1303-62846,,,,,HIMB Reef 8 West,+21.44196,-157.79625
2013-07-06 00:36:37,VR2W-101200,A69-1303-62846,,,,,HIMB Reef 8 West,+21.44196,-157.79625
2013-07-07 23:10:41,VR2W-101198,A69-1303-62846,,,,,HIMB Reef 3 South,+21.43436,-157.79351
2013-07-07 23:11:46,VR2W-101198,A69-1303-62846,,,,,HIMB Reef 3 South,+21.43436,-157.79351
2013-07-10 11:27:34,VR2W-101200,A69-1303-62846,,,,,HIMB Reef 8 West,+21.44196,-157.79625
2013-07-17 01:55:38,VR2W-101198,A69-1303-62846,,,,,HIMB Reef 3 South,+21.43436,-157.79351
2013-07-17 01:57:41,VR2W-101198,A69-1303-62846,,,,,HIMB Reef 3 South,+21.43436,-157.79351
2013-07-20 06:02:22,VR2W-101200,A69-1303-62846,,,,,HIMB Reef 8 West,+21.44196,-157.79625
2013-07-28 12:46:14,VR2W-101200,A69-1303-62846,,,,,HIMB Reef 8 West,+21.44196,-157.79625
2013-08-02 21:22:00,VR2W-101200,A69-1303-62846,,,,,HIMB Reef 8 West,+21.44196,-157.79625
2013-08-03 13:06:18,VR2W-101200,A69-1303-62846,,,,,HIMB Reef 8 West,+21.44196,-157.79625
2013-08-07 20:21:39,VR2W-101200,A69-1303-62846,,,,,HIMB Reef 8 West,+21.44196,-157.79625
2013-08-15 17:38:11,VR2W-101198,A69-1303-62846,,,,,HIMB Reef 3 South,+21.43436,-157.79351
2013-08-18 18:01:49,VR2W-101200,A69-1303-62846,,,,,HIMB Reef 8 West,+21.44196,-157.79625
2013-08-19 18:41:37,VR2W-101200,A69-1303-62846,,,,,HIMB Reef 8 West,+21.44196,-157.79625
2013-08-19 20:31:13,VR2W-101200,A69-1303-62846,,,,,HIMB Reef 8 West,+21.44196,-157.79625
2013-08-19 20:56:16,VR2W-101200,A69-1303-62846,,,,,HIMB Reef 8 West,+21.44196,-157.79625
2013-08-29 01:19:09,VR2W-101200,A69-1303-62846,,,,,HIMB Reef 8 West,+21.44196,-157.79625
2013-09-03 07:17:09,VR2W-101200,A69-1303-62846,,,,,HIMB Reef 8 West,+21.44196,-157.79625
2013-09-03 15:12:01,VR2W-101200,A69-1303-62846,,,,,HIMB Reef 8 West,+21.44196,-157.79625
2013-09-05 11:29:56,VR2W-101200,A69-1303-62846,,,,,HIMB Reef 8 West,+21.44196,-157.79625
2013-09-08 08:14:58,VR2W-101200,A69-1303-62846,,,,,HIMB Reef 8 West,+21.44196,-157.79625
2014-03-18 14:03:54,VR2W-101200,A69-1303-61979,,,,,HIMB Reef 8 West,+21.44196,-157.79625
2014-03-18 14:04:12,VR2W-101200,A69-1303-61979,,,,,HIMB Reef 8 West,+21.44196,-157.79625
2014-04-16 09:28:45,VR2W-101200,A69-1303-61979,,,,,HIMB Reef 8 West,+21.44196,-157.79625
2014-04-16 09:30:59,VR2W-101200,A69-1303-61979,,,,,HIMB Reef 8 West,+21.44196,-157.79625
2014-04-16 09:31:17,VR2W-101200,A69-1303-61979,,,,,HIMB Reef 8 West,+21.44196,-157.79625
2014-04-16 09:32:59,VR2W-101200,A69-1303-61979,,,,,HIMB Reef 8 West,+21.44196,-157.79625
2014-04-16 09:33:17,VR2W-101200,A69-1303-61979,,,,,HIMB Reef 8 West,+21.44196,-157.79625
2014-06-10 07:03:14,VR2W-101198,A69-1303-62846,,,,,Kaneohe Midbay,+21.46288,-157.81975
2014-07-12 14:35:21,VR2W-101198,A69-1303-54784,,,,,Kaneohe Midbay,+21.46288,-157.81975
2014-07-13 23:08:32,VR2W-101198,A69-1303-54784,,,,,Kaneohe Midbay,+21.46288,-157.81975
2014-07-30 14:14:02,VR2W-101198,A69-1303-62846,,,,,Kaneohe Midbay,+21.46288,-157.81975
2014-08-05 10:15:31,VR2W-101198,A69-1303-62846,,,,,Kaneohe Midbay,+21.46288,-157.81975
2014-08-07 14:33:21,VR2W-101198,A69-1303-62846,,,,,Kaneohe Midbay,+21.46288,-157.81975
2014-09-10 10:17:08,VR2W-101198,A69-1303-38672,,,,,Kaneohe Midbay,+21.46288,-157.81975
2014-09-12 10:45:24,VR2W-101198,A69-1303-38667,,,,,Kaneohe Midbay,+21.46288,-157.81975
2014-09-12 10:46:55,VR2W-101198,A69-1303-38667,,,,,Kaneohe Midbay,+21.46288,-157.81975
2014-09-22 11:55:52,VR2W-101198,A69-1303-38667,,,,,Kaneohe Midbay,+21.46288,-157.81975
2014-09-22 11:56:38,VR2W-101198,A69-1303-38667,,,,,Kaneohe Midbay,+21.46288,-157.81975
2014-09-22 21:32:58,VR2W-101198,A69-1303-38667,,,,,Kaneohe Midbay,+21.46288,-157.81975
2014-09-23 18:04:53,VR2W-101198,A69-1303-38667,,,,,Kaneohe Midbay,+21.46288,-157.81975
2015-06-19 03:24:36,VR2W-101198,A69-1303-62846,,,,,Kaneohe Midbay,+21.46288,-157.81975
2015-07-17 00:28:15,VR2W-101198,A69-9002-7917,,,12,ADC,Kaneohe Midbay,+21.46288,-157.81975
2015-07-17 00:29:50,VR2W-101198,A69-9002-7917,,,12,ADC,Kaneohe Midbay,+21.46288,-157.81975
2015-07-17 00:30:20,VR2W-101198,A69-9002-7917,,,12,ADC,Kaneohe Midbay,+21.46288,-157.81975
2015-07-17 00:36:16,VR2W-101198,A69-9002-7917,,,7,ADC,Kaneohe Midbay,+21.46288,-157.81975
2015-07-17 00:38:09,VR2W-101198,A69-9002-7917,,,8,ADC,Kaneohe Midbay,+21.46288,-157.81975
2015-07-17 06:52:30,VR2W-101198,A69-9002-7917,,,6,ADC,Kaneohe Midbay,+21.46288,-157.81975
2015-07-17 06:55:12,VR2W-101198,A69-9002-7917,,,7,ADC,Kaneohe Midbay,+21.46288,-157.81975
2015-07-17 06:56:15,VR2W-101198,A69-9002-7917,,,8,ADC,Kaneohe Midbay,+21.46288,-157.81975
2015-07-17 09:29:15,VR2W-101198,A69-9002-7917,,,7,ADC,Kaneohe Midbay,+21.46288,-157.81975
2015-07-17 09:29:59,VR2W-101198,A69-9002-7917,,,7,ADC,Kaneohe Midbay,+21.46288,-157.81975
2015-07-17 09:31:20,VR2W-101198,A69-9002-7917,,,7,ADC,Kaneohe Midbay,+21.46288,-157.81975
2015-07-17 09:31:53,VR2W-101198,A69-9002-7917,,,7,ADC,Kaneohe Midbay,+21.46288,-157.81975
2015-07-17 09:32:32,VR2W-101198,A69-9002-7917,,,7,ADC,Kaneohe Midbay,+21.46288,-157.81975
2015-07-17 09:33:05,VR2W-101198,A69-9002-7917,,,7,ADC,Kaneohe Midbay,+21.46288,-157.81975
2015-07-18 07:25:26,VR2W-101198,A69-9002-7917,,,6,ADC,Kaneohe Midbay,+21.46288,-157.81975
2015-07-18 07:26:40,VR2W-101198,A69-9002-7917,,,7,ADC,Kaneohe Midbay,+21.46288,-157.81975
2015-07-18 07:27:22,VR2W-101198,A69-9002-7917,,,7,ADC,Kaneohe Midbay,+21.46288,-157.81975
2015-07-19 09:29:47,VR2W-101198,A69-9002-7917,,,7,ADC,Kaneohe Midbay,+21.46288,-157.81975
2015-07-19 13:10:13,VR2W-101198,A69-9002-7917,,,6,ADC,Kaneohe Midbay,+21.46288,-157.81975
2015-07-20 00:25:47,VR2W-101198,A69-9002-7917,,,7,ADC,Kaneohe Midbay,+21.46288,-157.81975
2015-07-20 01:27:52,VR2W-101198,A69-9002-7917,,,13,ADC,Kaneohe Midbay,+21.46288,-157.81975
2015-07-20 01:30:37,VR2W-101198,A69-9002-7917,,,13,ADC,Kaneohe Midbay,+21.46288,-157.81975
2015-07-20 01:55:06,VR2W-101198,A69-9002-7917,,,13,ADC,Kaneohe Midbay,+21.46288,-157.81975
2015-07-20 02:13:06,VR2W-101198,A69-9002-7917,,,13,ADC,Kaneohe Midbay,+21.46288,-157.81975
2015-07-20 02:14:43,VR2W-101198,A69-9002-7917,,,13,ADC,Kaneohe Midbay,+21.46288,-157.81975
2015-07-20 02:16:35,VR2W-101198,A69-9002-7917,,,12,ADC,Kaneohe Midbay,+21.46288,-157.81975
2015-07-20 02:18:48,VR2W-101198,A69-9002-7917,,,13,ADC,Kaneohe Midbay,+21.46288,-157.81975
2015-07-20 02:25:22,VR2W-101198,A69-9002-7917,,,12,ADC,Kaneohe Midbay,+21.46288,-157.81975
2015-07-20 05:05:32,VR2W-101198,A69-9002-7917,,,12,ADC,Kaneohe Midbay,+21.46288,-157.81975
2015-07-20 05:08:43,VR2W-101198,A69-9002-7917,,,12,ADC,Kaneohe Midbay,+21.46288,-157.81975
2015-07-20 05:09:12,VR2W-101198,A69-9002-7917,,,13,ADC,Kaneohe Midbay,+21.46288,-157.81975
2015-07-20 05:09:44,VR2W-101198,A69-9002-7917,,,11,ADC,Kaneohe Midbay,+21.46288,-157.81975
2015-07-20 05:10:25,VR2W-101198,A69-9002-7917,,,12,ADC,Kaneohe Midbay,+21.46288,-157.81975
2015-07-20 05:15:27,VR2W-101198,A69-9002-7917,,,11,ADC,Kaneohe Midbay,+21.46288,-157.81975
2015-07-20 05:16:24,VR2W-101198,A69-9002-7917,,,11,ADC,Kaneohe Midbay,+21.46288,-157.81975
2015-07-20 05:16:59,VR2W-101198,A69-9002-7917,,,12,ADC,Kaneohe Midbay,+21.46288,-157.81975
2015-07-20 05:17:43,VR2W-101198,A69-9002-7917,,,12,ADC,Kaneohe Midbay,+21.46288,-157.81975
2015-07-20 05:21:35,VR2W-101198,A69-9002-7917,,,12,ADC,Kaneohe Midbay,+21.46288,-157.81975
2015-07-20 05:24:36,VR2W-101198,A69-9002-7917,,,12,ADC,Kaneohe Midbay,+21.46288,-157.81975
2015-07-20 05:25:31,VR2W-101198,A69-9002-7917,,,12,ADC,Kaneohe Midbay,+21.46288,-157.81975
2015-07-20 07:00:58,VR2W-101198,A69-9002-7917,,,5,ADC,Kaneohe Midbay,+21.46288,-157.81975
2015-07-20 07:31:19,VR2W-101198,A69-9002-7917,,,6,ADC,Kaneohe Midbay,+21.46288,-157.81975
2015-07-20 08:50:45,VR2W-101198,A69-9002-7917,,,11,ADC,Kaneohe Midbay,+21.46288,-157.81975
2015-07-20 08:52:50,VR2W-101198,A69-9002-7917,,,6,ADC,Kaneohe Midbay,+21.46288,-157.81975
2015-07-20 08:53:22,VR2W-101198,A69-9002-7917,,,6,ADC,Kaneohe Midbay,+21.46288,-157.81975
2015-07-21 07:08:39,VR2W-101198,A69-9002-7917,,,9,ADC,Kaneohe Midbay,+21.46288,-157.81975
2015-07-31 12:01:04,VR2W-101198,A69-1303-62846,,,,,Kaneohe Midbay,+21.46288,-157.81975
2015-08-06 11:07:56,VR2W-101198,A69-1303-62846,,,,,Kaneohe Midbay,+21.46288,-157.81975
